name,ok,n_runs,optimal,best_cost,avg_cost,std_cost,gap_best_%,gap_avg_%,avg_time_s,errors,error
att48,True,10,10628,10628.0,10628.0,0.0,0.0,0.0,0.5977762899361551,,
bayg29,True,10,1610,1610.0,1610.0,0.0,0.0,0.0,0.09097238997928798,,
bays29,True,10,2020,2020.0,2020.0,0.0,0.0,0.0,0.09261592000257224,,
berlin52,True,10,7542,7542.0,7542.0,0.0,0.0,0.0,0.6730446099303663,,
bier127,True,10,118282,118282.0,118296.1,42.3,0.0,0.011920664175450044,15.919892110023648,,
brazil58,True,10,25395,25395.0,25395.0,0.0,0.0,0.0,0.8991255000699312,,
burma14,True,10,3323,3323.0,3323.0,0.0,0.0,0.0,0.03492699000053108,,
ch130,True,10,6110,6110.0,6110.0,0.0,0.0,0.0,16.074220719980076,,
ch150,True,10,6528,6528.0,6528.0,0.0,0.0,0.0,15.732474449975417,,
dantzig42,True,10,699,699.0,699.0,0.0,0.0,0.0,0.2839761999901384,,
eil101,True,10,629,629.0,629.0,0.0,0.0,0.0,5.55828101998195,,
eil51,True,10,426,426.0,426.0,0.0,0.0,0.0,0.626518389955163,,
eil76,True,10,538,538.0,538.0,0.0,0.0,0.0,2.04562554997392,,
fri26,True,10,937,937.0,937.0,0.0,0.0,0.0,0.06870093997567892,,
gr120,True,10,6942,6942.0,6942.0,0.0,0.0,0.0,10.715607729996554,,
gr137,True,10,69853,69853.0,69853.0,0.0,0.0,0.0,18.03436388003174,,
gr17,True,10,2085,2085.0,2085.0,0.0,0.0,0.0,0.035845510009676215,,
gr21,True,10,2707,2707.0,2707.0,0.0,0.0,0.0,0.04247393999248743,,
gr24,True,10,1272,1272.0,1272.0,0.0,0.0,0.0,0.07431542002595962,,
gr48,True,10,5046,5046.0,5046.0,0.0,0.0,0.0,0.4067310600075871,,
gr96,True,10,55209,55209.0,55209.0,0.0,0.0,0.0,4.237830180022866,,
hk48,True,10,11461,11461.0,11461.0,0.0,0.0,0.0,0.41872098003514113,,
kroA100,True,10,21282,21282.0,21282.0,0.0,0.0,0.0,4.7221727900207044,,
kroA150,True,10,26524,26524.0,26550.1,32.09813078669847,0.0,0.09840144774543261,14.458411399950274,,
kroB100,True,10,22141,22141.0,22141.0,0.0,0.0,0.0,4.902662840089761,,
kroB150,True,10,26130,26130.0,26131.0,1.0,0.0,0.003827018752391887,13.84564072994981,,
kroC100,True,10,20749,20749.0,20749.0,0.0,0.0,0.0,4.869414550019428,,
kroD100,True,10,21294,21294.0,21294.0,0.0,0.0,0.0,6.604617289989255,,
kroE100,True,10,22068,22068.0,22068.0,0.0,0.0,0.0,8.628174940007739,,
lin105,True,10,14379,14379.0,14379.0,0.0,0.0,0.0,9.258842790010386,,
pr107,True,10,44303,44303.0,44303.0,0.0,0.0,0.0,8.614017500029878,,
pr124,True,10,59030,59030.0,59030.0,0.0,0.0,0.0,14.684338970016688,,
pr136,True,10,96772,96772.0,96772.0,0.0,0.0,0.0,32.00306687003467,,
pr144,True,10,58537,58537.0,58537.0,0.0,0.0,0.0,26.81900218001101,,
pr152,True,10,73682,73682.0,73682.0,0.0,0.0,0.0,16.157822669972667,,
pr76,True,10,108159,108159.0,108159.0,0.0,0.0,0.0,1.8576385399792343,,
rat99,True,10,1211,1211.0,1211.0,0.0,0.0,0.0,5.647667730017565,,
rd100,True,10,7910,7910.0,7910.0,0.0,0.0,0.0,4.930014259996824,,
st70,True,10,675,675.0,675.0,0.0,0.0,0.0,1.3186109999893234,,
swiss42,True,10,1273,1273.0,1273.0,0.0,0.0,0.0,0.24190109001938254,,
ulysses16,True,10,6859,6859.0,6859.0,0.0,0.0,0.0,0.0343116600299254,,
ulysses22,True,10,7013,7013.0,7013.0,0.0,0.0,0.0,0.04826538001652807,,
